{"stats":{"minecraft:killed":{"minecraft:iron_golem":1,"minecraft:cow":1},"minecraft:mined":{"minecraft:white_bed":1,"minecraft:brown_mushroom":3,"minecraft:pumpkin":1,"minecraft:spruce_log":6,"minecraft:dandelion":1,"minecraft:powder_snow":83,"minecraft:gold_block":1,"minecraft:crafting_table":1,"minecraft:yellow_bed":5,"minecraft:short_grass":14,"minecraft:coal_ore":10,"minecraft:grass_block":8,"minecraft:oak_log":12,"minecraft:dirt_path":1,"minecraft:dirt":10,"minecraft:spruce_leaves":23,"minecraft:fern":2},"minecraft:crafted":{"minecraft:wooden_sword":1,"minecraft:oak_boat":1,"minecraft:oak_planks":40,"minecraft:crafting_table":3,"minecraft:spruce_planks":12,"minecraft:stick":16,"minecraft:iron_pickaxe":1,"minecraft:spruce_boat":1},"minecraft:dropped":{"minecraft:dirt":3,"minecraft:dandelion":1},"minecraft:picked_up":{"minecraft:crafting_table":1,"minecraft:pumpkin":1,"minecraft:sweet_berries":15,"minecraft:brown_mushroom":3,"minecraft:dandelion":1,"minecraft:gold_block":1,"minecraft:porkchop":3,"minecraft:oak_log":12,"minecraft:spruce_sapling":3,"minecraft:white_bed":1,"minecraft:spruce_log":6,"minecraft:yellow_bed":5,"minecraft:dirt":21,"minecraft:wheat_seeds":2,"minecraft:spruce_boat":7,"minecraft:beef":3,"minecraft:iron_ingot":3,"minecraft:poppy":2,"minecraft:bread":24,"minecraft:sugar_cane":4,"minecraft:coal":10,"minecraft:egg":2},"minecraft:used":{"minecraft:spruce_boat":8,"minecraft:oak_log":2,"minecraft:bread":12,"minecraft:iron_pickaxe":11,"minecraft:oak_planks":16,"minecraft:wooden_sword":39,"minecraft:dirt":18,"minecraft:beef":3,"minecraft:crafting_table":3,"minecraft:porkchop":3,"minecraft:white_bed":1,"minecraft:oak_boat":1,"minecraft:egg":2,"minecraft:yellow_bed":4},"minecraft:killed_by":{"minecraft:guardian":1},"minecraft:custom":{"minecraft:time_since_rest":788,"minecraft:sprint_one_cm":324077,"minecraft:damage_taken":615,"minecraft:walk_one_cm":207351,"minecraft:mob_kills":3,"minecraft:drop":4,"minecraft:damage_dealt":1204,"minecraft:swim_one_cm":37290,"minecraft:interact_with_crafting_table":4,"minecraft:fly_one_cm":358682,"minecraft:open_chest":2,"minecraft:crouch_one_cm":664,"minecraft:play_time":62742,"minecraft:deaths":1,"minecraft:walk_under_water_one_cm":14068,"minecraft:sneak_time":411,"minecraft:boat_one_cm":236255,"minecraft:jump":1655,"minecraft:leave_game":1,"minecraft:walk_on_water_one_cm":13946,"minecraft:time_since_death":25089,"minecraft:sleep_in_bed":5,"minecraft:total_world_time":62742,"minecraft:fall_one_cm":33705}},"DataVersion":3953}