{"stats":{"minecraft:mined":{"minecraft:bell":1,"minecraft:hay_block":22,"minecraft:potatoes":4,"minecraft:beetroots":1,"minecraft:carrots":5,"minecraft:wheat":7,"minecraft:smoker":1,"minecraft:brewing_stand":2,"minecraft:yellow_bed":1},"minecraft:picked_up":{"minecraft:beetroot_seeds":2,"minecraft:wheat_seeds":14,"minecraft:smoker":1,"minecraft:potato":6,"minecraft:bell":1,"minecraft:hay_block":21,"minecraft:brewing_stand":2,"minecraft:yellow_bed":1,"minecraft:carrot":6},"minecraft:used":{"minecraft:stone_axe":2,"minecraft:chest":1,"minecraft:wooden_pickaxe":6,"minecraft:stone_hoe":22},"minecraft:custom":{"minecraft:open_chest":6,"minecraft:time_since_rest":40494,"minecraft:crouch_one_cm":85,"minecraft:play_time":40494,"minecraft:sprint_one_cm":7282,"minecraft:walk_one_cm":15269,"minecraft:sneak_time":1938,"minecraft:walk_under_water_one_cm":10145,"minecraft:jump":45,"minecraft:damage_dealt":192,"minecraft:leave_game":4,"minecraft:time_since_death":40494,"minecraft:walk_on_water_one_cm":2629,"minecraft:total_world_time":40494,"minecraft:fall_one_cm":211,"minecraft:fly_one_cm":2329712}},"DataVersion":3953}