{
  "minecraft:recipes/decorations/crafting_table": {
    "criteria": {
      "unlock_right_away": "2024-06-22 19:44:25 +0000"
    },
    "done": true
  },
  "minecraft:adventure/adventuring_time": {
    "criteria": {
      "minecraft:cold_ocean": "2024-06-23 17:20:18 +0000",
      "minecraft:old_growth_pine_taiga": "2024-06-23 17:21:46 +0000",
      "minecraft:forest": "2024-06-23 17:18:39 +0000",
      "minecraft:taiga": "2024-06-23 17:18:41 +0000",
      "minecraft:deep_cold_ocean": "2024-06-23 17:22:13 +0000",
      "minecraft:frozen_ocean": "2024-06-23 17:20:27 +0000",
      "minecraft:frozen_river": "2024-06-23 17:20:52 +0000",
      "minecraft:deep_frozen_ocean": "2024-06-23 17:22:11 +0000",
      "minecraft:ocean": "2024-06-23 17:40:33 +0000",
      "minecraft:sunflower_plains": "2024-06-22 22:27:32 +0000",
      "minecraft:cherry_grove": "2024-06-23 17:34:52 +0000",
      "minecraft:birch_forest": "2024-06-23 17:39:00 +0000",
      "minecraft:old_growth_spruce_taiga": "2024-06-23 17:18:45 +0000",
      "minecraft:snowy_beach": "2024-06-23 17:22:02 +0000",
      "minecraft:bamboo_jungle": "2024-06-23 17:38:36 +0000",
      "minecraft:flower_forest": "2024-06-23 17:37:56 +0000",
      "minecraft:beach": "2024-06-23 17:22:03 +0000",
      "minecraft:dark_forest": "2024-06-23 17:38:14 +0000",
      "minecraft:sparse_jungle": "2024-06-23 17:39:44 +0000",
      "minecraft:river": "2024-06-23 17:20:16 +0000",
      "minecraft:lukewarm_ocean": "2024-06-23 17:39:46 +0000",
      "minecraft:stony_shore": "2024-06-23 17:20:29 +0000",
      "minecraft:snowy_plains": "2024-06-23 17:18:37 +0000",
      "minecraft:dripstone_caves": "2024-06-23 17:21:18 +0000",
      "minecraft:snowy_taiga": "2024-06-23 17:32:17 +0000",
      "minecraft:frozen_peaks": "2024-06-23 17:21:12 +0000",
      "minecraft:old_growth_birch_forest": "2024-06-23 17:38:12 +0000",
      "minecraft:deep_dark": "2024-06-23 17:21:21 +0000",
      "minecraft:grove": "2024-06-23 17:20:07 +0000",
      "minecraft:plains": "2024-06-22 19:44:25 +0000"
    },
    "done": false
  },
  "minecraft:recipes/misc/wheat": {
    "criteria": {
      "has_hay_block": "2024-06-23 17:15:06 +0000"
    },
    "done": true
  },
  "minecraft:recipes/redstone/target": {
    "criteria": {
      "has_hay_block": "2024-06-23 17:15:06 +0000"
    },
    "done": true
  },
  "minecraft:recipes/transportation/mangrove_boat": {
    "criteria": {
      "in_water": "2024-06-23 17:22:59 +0000"
    },
    "done": true
  },
  "minecraft:recipes/transportation/acacia_boat": {
    "criteria": {
      "in_water": "2024-06-23 17:22:59 +0000"
    },
    "done": true
  },
  "minecraft:recipes/transportation/cherry_boat": {
    "criteria": {
      "in_water": "2024-06-23 17:22:59 +0000"
    },
    "done": true
  },
  "minecraft:recipes/transportation/bamboo_raft": {
    "criteria": {
      "in_water": "2024-06-23 17:22:59 +0000"
    },
    "done": true
  },
  "minecraft:recipes/transportation/spruce_boat": {
    "criteria": {
      "in_water": "2024-06-23 17:22:59 +0000"
    },
    "done": true
  },
  "minecraft:recipes/transportation/birch_boat": {
    "criteria": {
      "in_water": "2024-06-23 17:22:59 +0000"
    },
    "done": true
  },
  "minecraft:recipes/transportation/oak_boat": {
    "criteria": {
      "in_water": "2024-06-23 17:22:59 +0000"
    },
    "done": true
  },
  "minecraft:recipes/transportation/jungle_boat": {
    "criteria": {
      "in_water": "2024-06-23 17:22:59 +0000"
    },
    "done": true
  },
  "minecraft:recipes/transportation/dark_oak_boat": {
    "criteria": {
      "in_water": "2024-06-23 17:22:59 +0000"
    },
    "done": true
  },
  "minecraft:recipes/decorations/chest": {
    "criteria": {
      "has_lots_of_items": "2024-06-23 17:23:05 +0000"
    },
    "done": true
  },
  "minecraft:recipes/food/baked_potato_from_campfire_cooking": {
    "criteria": {
      "has_potato": "2024-06-23 17:23:07 +0000"
    },
    "done": true
  },
  "minecraft:recipes/food/baked_potato_from_smoking": {
    "criteria": {
      "has_potato": "2024-06-23 17:23:07 +0000"
    },
    "done": true
  },
  "minecraft:recipes/food/baked_potato": {
    "criteria": {
      "has_potato": "2024-06-23 17:23:07 +0000"
    },
    "done": true
  },
  "minecraft:recipes/food/bread": {
    "criteria": {
      "has_wheat": "2024-06-23 17:23:07 +0000"
    },
    "done": true
  },
  "minecraft:recipes/building_blocks/hay_block": {
    "criteria": {
      "has_wheat": "2024-06-23 17:23:07 +0000"
    },
    "done": true
  },
  "minecraft:recipes/misc/book": {
    "criteria": {
      "has_paper": "2024-06-23 17:23:28 +0000"
    },
    "done": true
  },
  "minecraft:recipes/decorations/cartography_table": {
    "criteria": {
      "has_paper": "2024-06-23 17:23:28 +0000"
    },
    "done": true
  },
  "minecraft:recipes/transportation/carrot_on_a_stick": {
    "criteria": {
      "has_carrot": "2024-06-23 17:36:37 +0000"
    },
    "done": true
  },
  "minecraft:recipes/decorations/moss_carpet": {
    "criteria": {
      "has_moss_block": "2024-06-23 17:40:00 +0000"
    },
    "done": true
  },
  "minecraft:recipes/building_blocks/mossy_cobblestone_from_moss_block": {
    "criteria": {
      "has_moss_block": "2024-06-23 17:40:00 +0000"
    },
    "done": true
  },
  "minecraft:recipes/building_blocks/mossy_stone_bricks_from_moss_block": {
    "criteria": {
      "has_moss_block": "2024-06-23 17:40:00 +0000"
    },
    "done": true
  },
  "minecraft:recipes/decorations/campfire": {
    "criteria": {
      "has_coal": "2024-06-23 17:40:01 +0000"
    },
    "done": true
  },
  "minecraft:recipes/building_blocks/coal_block": {
    "criteria": {
      "has_coal": "2024-06-23 17:40:01 +0000"
    },
    "done": true
  },
  "minecraft:recipes/misc/firework_rocket_simple": {
    "criteria": {
      "has_gunpowder": "2024-06-23 17:40:02 +0000"
    },
    "done": true
  },
  "minecraft:recipes/redstone/tnt": {
    "criteria": {
      "has_gunpowder": "2024-06-23 17:40:02 +0000"
    },
    "done": true
  },
  "minecraft:recipes/misc/stick_from_bamboo_item": {
    "criteria": {
      "has_bamboo": "2024-06-23 17:40:04 +0000"
    },
    "done": true
  },
  "minecraft:recipes/building_blocks/bamboo_block": {
    "criteria": {
      "has_bamboo": "2024-06-23 17:40:04 +0000"
    },
    "done": true
  },
  "minecraft:recipes/decorations/scaffolding": {
    "criteria": {
      "has_bamboo": "2024-06-23 17:40:04 +0000"
    },
    "done": true
  },
  "minecraft:recipes/combat/arrow": {
    "criteria": {
      "has_feather": "2024-06-23 17:40:17 +0000"
    },
    "done": true
  },
  "DataVersion": 3953
}